VO2max,CommToSch,CommHome,gender,age,MVPAsqrt,DistLog2Home,DistLog2ToSch,DistFromHome,DistFromSchool
34.53148812995882,public,car,female,12.60041622286336,15.042927103773842,11.48987810131771,9.581183110005666,4109,1092
30.045067454605896,public,public,female,13.078094990200327,34.2052627529741,9.580759294333571,9.243252752092914,444,6970
34.732955999934056,public,walk,female,12.594763526103945,15.44502297697128,13.349896254990703,9.429111801413788,2095,2608
30.198801708240264,walk,walk,female,13.071239936559742,34.2052627529741,12.386595021557731,9.570252591282609,6714,13640
35.10429454541803,walk,public,female,13.878376353534469,37.22263966950627,10.672931048940695,10.539430600781186,13670,128
30.55982070790532,public,walk,female,13.963647442882614,17.693217694993166,8.966453318181891,10.761167446606333,1611,8058
35.385687394297854,car,wheels,female,12.828422221594687,10.716529657614508,13.365642990707832,10.807335613890467,2575,1234
30.748613708014684,public,walk,female,13.877865919597705,37.18664498713715,12.728968370012112,10.92617370045614,356,1539
35.98517252304524,walk,wheels,female,13.887710004929463,37.2109292994049,8.231918802595949,9.237740452803378,2550,3386
30.98191972731533,walk,car,female,13.20298750580991,20.352666952214985,9.114497350915135,9.586718528615217,10442,6759
37.37031808403989,walk,walk,female,12.625579644550893,30.7408522978788,9.912324761379534,9.241395898886264,1445,4295
32.11777793108883,car,walk,female,12.596235863852913,10.975586829205326,12.13234378704854,12.967499881568065,4080,1526
37.68144442772693,car,walk,female,12.652190447360054,31.9374388453426,10.575850946873004,9.430734229788005,2569,1067
32.96684130759653,wheels,car,female,14.09737556904598,31.4642654451045,9.675910446288947,9.024161024426132,850,1261
37.78224606249853,wheels,public,female,12.63387264745994,31.9374388453426,9.248674920686405,12.110928914699183,5972,3555
33.148853552497734,walk,car,female,14.2532511978097,28.4604989415154,11.02538075247102,12.620898112983712,6775,10350
38.13731410976047,car,walk,female,14.2532511978097,28.4604989415154,12.002169549116536,9.016339342900864,4451,448
34.50152388159953,walk,walk,female,12.095768324870068,30.2489669245083,10.751952060372057,9.32679038111827,2574,2091
38.25201001616696,walk,public,female,12.646397218098414,30.2489669245083,10.228845386148064,12.956407902187532,13662,2699
34.59866477692957,walk,public,female,13.18830362654905,21.87646385214856,13.020024364477855,9.287224754457313,795,4472
38.481184917666425,public,public,female,12.20734454931194,28.9827534923789,10.970685771310425,12.841018235211536,1248,4742
34.79462531362671,car,public,female,13.38271271005436,15.33389788883942,11.26260627997412,9.319097598025174,2981,3726
38.81666948440135,walk,public,female,12.096151630425632,27.3861278752583,13.282515055932196,12.1016356461133,4687,1291
34.94113419514071,public,car,female,13.074990280532848,15.164546700363411,14.48868638584007,12.105862077450546,6664,433
38.83335392467721,walk,walk,female,14.14416852443465,28.7228132326901,11.138615502720343,9.086347987211893,2583,2888
35.13221578394689,walk,walk,female,12.178698930209256,30.2489669245083,9.499764293287994,12.63642403977778,2011,2883
38.84774789016743,public,public,female,12.369338591368004,28.7228132326901,11.199790977007655,12.117532061000382,4275,1407
35.306162088763806,walk,walk,female,11.8166333309345,31.224989991992,9.12490960131094,9.074144521422728,460,818
38.89851352651598,public,public,female,11.782776236082762,31.224989991992,10.326455217311098,12.32416140311763,4655,2813
37.15650328831544,walk,public,female,13.384935638907187,15.21717251289676,9.23379481871214,12.613678179701727,1638,5687
38.97885666919965,walk,public,female,14.2532511978097,31.224989991992,12.82657620944853,12.62449043244884,1096,5262
38.07668708101479,car,walk,female,11.836722215013976,31.224989991992,12.148447311604262,9.978537430908872,5781,1405
39.07568941812905,walk,public,female,13.701793965630529,21.23478952752974,9.447359519729458,9.770354667658545,1728,798
38.83836989041124,car,walk,female,13.45204755321141,17.9456718632014,12.988450411307111,10.87021570629509,1407,487
39.514267676376136,public,walk,female,12.33306982873809,31.4642654451045,7.95802542710453,10.570860981243918,1934,1233
38.83984770732303,walk,walk,female,13.624376051184834,15.007225724987023,10.576213130516194,12.828407942843976,742,2083
39.58409980253461,public,walk,female,13.072178835381738,34.8568501158667,11.806916362983802,9.871241580185828,4305,1416
38.85756983066386,walk,walk,female,12.121435456902258,27.3861278752583,12.820054196326618,10.58292650711646,2568,2984
39.6064280677988,public,walk,female,11.791916124563173,30.2489669245083,13.368012363622949,9.57812919820025,7353,1417
38.878850038584325,public,walk,female,12.098732919458042,30.2489669245083,12.273253807104266,10.70113933060212,7241,1876
39.731008366173405,walk,car,female,13.076679860778585,34.8568501158667,13.606032233734442,10.69891464035955,1484,4797
38.90077003006495,walk,walk,female,14.084291886849009,27.3861278752583,13.062145448813398,12.249420809036373,5821,3760
40.27503151618004,walk,public,female,12.889186385507871,20.1246117974981,12.118440623817785,9.849388400600224,4269,2086
38.92410491517344,public,public,female,14.624170401963978,30.2489669245083,11.664456040376209,9.69153230523158,4596,8557
40.36030260162232,public,public,female,13.675748890039984,25.0998007960223,11.899370606612203,12.532904245616576,1265,1544
38.938326881091335,public,walk,female,14.115454012144133,27.51955254079068,11.571032335477485,12.972153812892545,1493,2892
40.391804227446535,public,public,female,13.80359906474107,31.224989991992,9.455667479946149,10.566586694435976,10904,2976
38.9910981133831,car,walk,female,13.672042515138738,28.4604989415154,12.12780513828927,12.961132244386237,1856,1843
40.4536259995393,public,walk,female,13.834107868169925,25.6904651573303,12.45340849488846,10.70233035790678,7260,1691
39.50627550047033,car,walk,female,13.82497750026176,28.4604989415154,10.972397128510895,10.92444929687198,1631,950
40.77475667939198,walk,walk,female,13.893635062036948,23.2379000772445,9.531890177586476,10.695315527105354,962,536
39.53628092474381,public,walk,female,13.785989446578771,27.3861278752583,10.385068539870026,12.116905454743987,253,1401
40.89847130605238,walk,car,female,13.79444887258725,27.3861278752583,10.338724060493265,10.698681336764624,434,2544
39.54188599248557,public,car,female,13.78953840627188,27.9284800875379,7.430411128707606,9.586526228544928,647,858
40.93380770466044,public,walk,female,14.41247265197895,18.5741756210067,9.983447078711686,11.453752639147313,1967,482
39.543146054257846,public,walk,female,14.103309140720423,28.9827534923789,8.953354075514925,9.90289547042268,3826,6773
41.41330915686076,wheels,public,female,14.450903321417382,26.8328157299975,10.311116955128163,12.577453875022927,948,1119
39.57709157139358,car,walk,female,12.172971949700228,26.5518360947035,11.544053958691029,10.933318250000395,1233,2297
41.48314985121266,public,public,female,14.61756428684415,23.8746727726266,10.30240621817086,12.114131608025842,1308,1248
39.59172883152922,walk,walk,female,13.884499340773337,30.7408522978788,8.716289031185223,10.695413744231487,1783,1694
41.609212835098944,walk,walk,female,14.150809696005169,19.7484176581315,9.58259114597618,12.12240015390492,482,693
39.60653774283429,car,public,female,14.54330899182365,26.5518360947035,9.979324611712537,9.58116854220036,1161,665
41.7014199839958,public,wheels,female,13.380639657609043,19.7484176581315,10.78013315847972,10.926185695443143,1578,1867
39.61730465900438,wheels,public,male,13.639493631949676,32.57376400805405,10.928243808171615,9.798304381508252,1088,1407
42.055841197087695,car,public,male,13.133494597042423,33.71709907512875,10.222303639134765,9.676788313902776,789,4162
39.63846934243369,public,walk,female,14.43029070463523,22.248595461287,9.97892734208768,11.81305616577301,718,5846
42.37767985683314,public,public,female,11.13739842915068,21.45575330889714,11.469474187163328,11.870261699088838,6013,1648
39.67624649137337,public,public,female,13.242907230359204,17.7482393492988,12.506495453205556,11.336870955651175,2286,855
42.76050417432808,public,public,male,13.86673352096292,34.47591387760219,12.654803994963476,10.696940329929388,1675,1847
39.70152645608785,walk,public,female,12.994505360206343,23.2379000772445,12.629851861409936,9.793856767495294,2203,7617
42.78847711080011,walk,public,female,12.568900181649605,20.4939015319192,12.43129069969492,10.701620654213857,1994,700
39.729061045835486,walk,walk,female,13.495967417395171,13.434239120648284,9.907418903821684,11.463339412920416,1009,910
43.04408998065978,public,walk,female,12.45951178418074,32.86335345031,12.73275300671773,12.158375902435752,1503,7965
39.72952025869616,public,walk,female,12.6012879658758,35.44749877863577,10.589464338617471,11.295842485934742,5797,793
43.12993954128972,walk,walk,male,12.594353910698226,34.2052627529741,9.911027738192276,11.310810944348129,7010,699
40.13901510553232,car,car,male,12.59820447254503,24.4948974278318,10.299879619071678,11.815585776273094,5925,5505
43.14881398657412,walk,public,female,13.077613180226267,18.5741756210067,10.545835883650907,9.43643385636746,2271,3750
40.195683522150965,walk,public,female,12.594362682651036,35.317831476513234,10.700729893531708,10.049081047683629,10841,2578
43.24842397526883,public,walk,female,14.396119602890282,25.623281802292617,9.42256922632884,11.298558535060517,2547,3712
40.76263504967024,public,walk,female,14.085188067734409,32.4037034920393,12.648424487570564,9.327471432907,414,2755
43.320335414310485,walk,walk,female,14.411176163863551,15.132340316259889,11.435629209297996,10.30065630735636,1177,7977
40.777077418814685,public,walk,female,14.416108032310134,12.816289981101209,9.430295003548007,9.332591502538314,1990,555
43.336200761766015,walk,public,male,12.903590014479937,23.2379000772445,12.921917284331125,10.165330332542885,407,519
40.813655209740446,walk,walk,male,12.192905225440834,25.6904651573303,10.325760563578436,11.871765629256355,7438,5944
43.36828229239128,public,car,female,14.43597952717112,22.5831795812724,9.445137790043168,10.571358700829704,2564,900
40.83151935730478,public,public,female,13.895726887966571,22.5831795812724,8.77318651904573,11.341416760608372,13644,8513
43.50034754438667,car,car,female,12.106419491435476,31.224989991992,8.69279759064692,9.077518320767576,8116,2545
40.92774611886332,car,walk,male,12.59586261025996,26.8328157299975,12.599446270899827,10.36229682982952,405,643
43.570183278077074,public,walk,male,12.095202534540803,35.39308018982548,9.832947021413036,9.328597245374077,8481,1535
40.96110422043014,public,walk,female,14.21831715742739,25.589185498473817,10.062489861246998,9.483346351028167,816,4228
43.58709637200391,car,public,female,11.929596914888489,37.5499667110372,10.996430050939596,10.810164876333362,2995,658
41.37808018890598,public,public,male,12.601478782072316,26.8328157299975,10.748590061666954,10.770357996714363,450,1596
43.60550535272758,wheels,wheels,male,12.1174946284023,35.27125679741797,7.3151312206363714,9.041825050539444,595,251
41.42978325300055,car,walk,female,12.109117255384191,22.248595461287,9.868607045160868,9.017671244156348,3303,7826
43.8671086398541,car,walk,female,14.443860724757483,26.18214616531618,11.495266494129822,9.3045088540364,6398,5293
41.49682630626314,public,walk,female,14.37189074135526,32.4037034920393,9.37346274005934,11.313095464719392,5784,593
43.93983873709745,car,walk,female,13.06548078566219,36.3318042491699,9.977340513700224,9.058572255531615,423,717
41.655208146426105,public,walk,female,11.82847033023561,35.48314895172598,9.549243647328188,11.04756556726596,1517,901
43.94701227113629,public,walk,female,11.818508517789422,35.3696897275908,12.21073004907432,9.03704260649846,1010,2973
41.87863717006893,car,walk,female,14.152910051972336,13.713377146260983,10.53267415492324,9.368951506664716,487,2987
43.951267715460965,car,walk,female,11.933325949488658,32.86335345031,12.116857782361912,9.249637426100271,1080,748
41.9230937830696,public,public,male,12.009030324288483,33.7638860322683,12.431715770517863,10.207419057182456,6396,435
43.95878893132006,walk,public,male,12.009794400338004,34.8568501158667,10.448573926494122,9.240122836112738,1647,4526
42.046811878180016,public,walk,female,12.43938891941736,33.3166624979154,11.8918383887929,11.312742412856116,520,4691
43.95996176410488,public,walk,female,14.420604187719867,15.467745429702322,7.996771097337514,8.918914583287695,3832,13670
42.06121721906143,walk,public,female,14.198724865090457,32.4037034920393,12.035863661082654,9.855397520704836,8487,10386
43.96573388627057,walk,public,female,12.457555296975226,33.3166624979154,11.39782946541156,8.954240432906815,4886,1400
42.11907775983631,public,walk,female,13.07122933444475,36.3318042491699,10.534628878368943,11.14581480225092,1403,321
43.96806287561844,public,wheels,female,13.1818874430702,17.3205080756888,14.105249482759826,8.922292946518636,2253,8377
42.13208471105001,walk,walk,female,12.574442683798926,32.86335345031,11.533539528661011,10.741155586956337,3814,7751
43.97228755961683,wheels,public,female,14.046767474933043,17.3205080756888,8.9537609515821,8.852010443084575,797,556
42.13658466331178,car,public,female,13.158200443965818,17.3205080756888,8.151637058682546,8.870849094874321,3762,1955
43.974590784287614,public,public,female,12.52263701008694,20.1246117974981,11.68104992434761,8.924131201981613,6295,631
42.14394776665494,public,walk,female,12.577174706808703,32.86335345031,9.056981507758923,8.935773413996884,4923,5508
43.97934639433368,car,walk,female,14.200580012489834,20.1246117974981,10.543754591691272,12.62924093384653,5458,4033
42.22754308172403,public,walk,male,13.9310768328104,27.3861278752583,10.942925183650264,8.929831486266917,543,10084
43.98526408994083,walk,walk,female,13.073098102683426,19.7484176581315,10.446730991179926,8.95527538759043,665,2327
42.24939264463988,walk,car,female,13.90531200903016,17.3205080756888,10.301421770202005,12.24230478582411,380,549
43.9895558595254,walk,wheels,female,14.451257213979089,32.86335345031,13.732768174524836,7.955230211947649,2855,5018
42.75624441683882,walk,public,male,12.009638000340324,33.7638860322683,13.054703512469882,12.589687419359493,642,432
43.99598794986323,public,walk,female,14.294667926601027,20.1246117974981,8.471859065888308,12.784158835916555,3411,254
42.81039186063985,car,walk,female,14.16730316993352,33.3166624979154,12.83374096625594,11.84348902714873,7861,5508
44.02561420245933,public,walk,male,12.51533480571335,30.0,13.230243725100106,12.63444011827782,1011,252
42.85959793937504,walk,walk,female,13.013496288818269,15.497919162296627,10.159430718625774,7.968933630997095,538,8193
44.09917678009359,car,car,male,13.16858977776782,37.77175736223318,12.008053241475128,12.1270318962542,6727,819
42.87424627365564,walk,walk,male,13.901996670432244,30.2489669245083,12.35948060443804,9.731704593250324,1165,10457
44.25191521553703,public,public,male,12.681799898527997,34.2052627529741,9.12017112656394,12.360558088707512,528,1932
42.882049382707656,public,public,male,12.666608449242013,34.2052627529741,12.532656099051527,10.748838320848742,7105,4953
44.25328215878204,walk,walk,female,13.070707509903096,25.3968501984006,9.292761086331264,12.458200022835715,356,347
42.908917754708014,car,walk,male,13.70420989401562,23.2379000772445,10.545091260271896,10.287447282438984,519,3425
44.2551995308226,car,public,female,14.161362581701162,25.0998007960223,13.337227519748025,8.768699813473186,5617,1493
42.937493132175845,walk,walk,female,13.066097938834783,13.028999225860488,12.756543706281963,8.775557651924903,485,6708
44.26427589411124,public,walk,female,14.18189573402244,23.8746727726266,9.335615559352156,9.697456140563023,1889,1668
42.98704827274457,car,walk,male,13.881624180819042,20.4939015319192,10.53963572333814,12.64412447339963,625,484
44.27634124762775,walk,car,female,14.623327678797596,20.1246117974981,11.851462505524378,12.542266707950713,535,1170
43.00917270648156,public,walk,female,13.07215391140682,13.820562914515296,11.32981394132972,12.901183848763749,13641,5958
44.28709117336112,walk,walk,female,13.889165285650853,20.1246117974981,9.453916645074964,10.678798615779826,4754,519
43.039171926284055,car,walk,female,12.833946948763291,25.0998007960223,9.846578022097033,12.485437607422986,1458,4295
44.292307709878045,public,walk,male,13.884195044632133,22.9128784747792,8.854683801918489,10.673281972429551,245,3937
43.07394790004212,walk,walk,male,12.277383841661674,25.0998007960223,12.819543713341323,12.454951340941166,5929,1234
44.311282603152094,car,walk,female,13.078122900003727,18.5741756210067,12.566759241790198,10.304084387515672,2952,818
43.13970110948903,walk,walk,male,13.246459478225592,32.51275055462134,10.303128319417782,12.544176168876197,1337,785
44.50068490711072,walk,walk,female,13.71227509603846,25.6904651573303,11.537558913722217,12.931498722741033,4551,382
43.183572876434766,public,public,female,11.78557980192594,30.2489669245083,10.458868664686356,12.641636725194324,265,970
44.51140864033052,public,public,male,12.00955549034662,35.9165699921359,13.355630547220615,10.930115060504404,1047,627
43.2281114091935,car,walk,male,12.014813609082877,35.9165699921359,10.339083146853532,12.545361366657517,4464,6678
44.522306641595335,car,walk,female,13.15893210207529,27.3861278752583,11.496070613427865,9.677524636175573,6740,795
43.326902215267175,walk,car,female,12.398216610186518,35.34218544949488,12.148315213876309,10.579318382454527,4905,364
44.553577198091,walk,walk,female,13.877274477284988,22.9128784747792,12.127997881383148,10.850247798367104,1882,2723
43.34624997940656,walk,public,male,12.17753380832178,25.0998007960223,8.174660711304679,7.969177347015769,688,597
44.55948739009283,public,car,female,13.543680884930549,17.7482393492988,9.224878086375933,10.887289653430594,5447,1695
43.52803111728286,car,wheels,female,11.795055869118835,30.2489669245083,9.116325580828004,12.324657514378153,412,961
44.58166260944053,walk,car,male,12.011027652760742,35.9165699921359,9.122965825424512,12.634318247408943,537,281
43.63518125243536,wheels,walk,male,13.703407151370705,20.1246117974981,11.01752219111274,9.675889403230364,3887,5260
44.59946801854941,walk,public,female,12.379546228567504,35.34538016298804,10.92343334987402,11.164708932393024,4502,4235
43.94364950305224,walk,walk,male,13.791844767776317,29.32821633901704,7.962402265315766,10.169013060200353,3556,1912
44.60315598732638,car,walk,female,12.595307995523616,15.421710177247656,13.288776297693987,12.94579140944064,895,1646
43.95730495211422,wheels,public,female,13.539199882414902,17.3205080756888,10.85996725982997,8.74884381549688,405,4722
44.60812020100438,walk,walk,male,13.83758396489994,32.591227044345146,12.270563041595816,12.427533726363585,631,10405
43.95854731806677,public,walk,female,13.54792001687987,24.7991935352745,12.432480499701812,12.437418575172495,2050,22354
44.61571804243831,walk,walk,male,12.013828260268731,35.9165699921359,8.96354220466283,12.30325292778353,837,5033
43.961483732479664,car,walk,female,11.790887826478778,30.2489669245083,10.300441012692938,8.915900206469761,279,1329
44.75117608899301,car,walk,female,13.786637323739216,32.86335345031,13.302179721769429,12.427507073349677,1403,3810
43.97380371217482,public,walk,female,13.68121036737005,37.5499667110372,12.74770254153779,12.80467677454225,5037,3880
44.769500765250186,car,walk,female,13.906217544807646,19.7484176581315,12.829871978550305,12.425516748753882,284,3718
43.97956053345237,walk,walk,male,12.517006839128364,33.7638860322683,9.242218285390392,11.04517221362366,6116,650
44.78447313333411,walk,walk,female,13.418771816153138,22.5831795812724,8.607265329909126,8.706191628662596,742,1168
43.98903067235707,walk,public,female,12.35991500422672,12.430153781590022,11.028633066284977,8.937372008731256,10245,1057
44.79561072457442,car,public,female,14.108200993570987,16.431676725155,9.67635667194411,12.226104408930365,5596,7107
43.99211250282512,car,walk,female,12.598344655291044,29.06186499545576,12.654808494088243,12.371429696880382,1510,3837
44.817750286909735,walk,walk,female,14.10213843318689,15.31009213072683,11.02295089161401,10.7001210402605,595,746
44.025258769016816,car,public,female,14.0344760558019,32.4037034920393,11.544532099820623,10.695898822675492,8211,3753
44.82611864349261,car,walk,female,11.970655890109017,37.9473319220206,11.288904997739458,10.53155038810386,252,697
44.04143741202415,public,walk,male,12.512022870590002,33.7638860322683,13.10126169012299,11.337050377433256,2048,8504
44.841427562314685,walk,walk,female,13.88633404752006,23.8746727726266,8.71437724044643,11.2951320222714,4561,5014
44.06904491837059,walk,car,female,13.788463849757749,32.86335345031,12.456132197923145,11.149257298718474,130,3533
44.848302546603854,walk,wheels,female,12.829067463399133,25.6904651573303,8.926064370245275,9.850783111444851,1098,1009
44.12729182755283,car,walk,female,13.88455514974718,23.8746727726266,8.770522299679005,11.812831374462824,3367,1117
44.87347304603215,public,walk,male,13.888707020406375,23.8746727726266,10.454960251282165,11.701505962370009,2545,245
44.21369722607631,walk,walk,female,11.091688329313255,16.704238077616743,8.909374921535843,8.955854633854548,10190,2294
45.17908000578283,public,walk,female,14.279779875027414,28.4604989415154,10.458904302090312,11.154628603041957,1011,7834
44.25077945427071,public,walk,female,12.970234081576626,23.8746727726266,8.475077086854341,8.538990496623281,3919,4460
45.22848148142326,walk,walk,female,11.82858553670448,37.34219674315813,10.406641887339411,11.896933338835275,592,534
44.27458188239474,walk,public,female,11.837765804431807,30.2489669245083,9.695035554608609,9.341697493402428,1116,1891
45.23468038944471,car,public,female,14.138842184790636,32.86335345031,12.817472268217251,11.81608838620412,8070,10439
44.2812106462423,walk,walk,female,13.685460342212023,23.8746727726266,9.724075371397756,11.74688196914727,625,3834
45.38036025453706,walk,walk,female,13.87858205101219,27.1108834234519,9.813952677315172,9.47278203703986,6708,6772
44.31102667724491,walk,car,female,11.953340206284308,36.3318042491699,12.770904191185078,9.485517612837098,879,689
45.38961919114667,walk,walk,female,11.30605203752327,16.439832134239346,12.103770174964115,11.237284224782202,436,1103
44.50701173070775,walk,walk,female,13.562066372767536,24.4948974278318,8.807952250492427,10.659603984656464,4022,592
45.41608532852853,walk,walk,male,13.829574446794185,20.4939015319192,10.122041290136927,11.001033812759609,7610,648
44.564697784738826,walk,public,female,14.0521608831257,18.5741756210067,11.844224675850144,10.857539563668746,5776,6137
45.43380819432762,walk,public,female,13.877641018783148,20.1246117974981,11.901335914829971,8.957187726949,981,5771
44.5882093888241,walk,walk,female,14.109308398253456,23.5584379787795,11.659021344400411,10.85268815947052,535,1118
45.453626447746096,walk,public,female,13.889361702047731,20.1246117974981,12.125266550546687,8.51000352991351,3897,662
44.62172783969282,public,car,male,13.677574374574434,23.2379000772445,12.506496366649984,11.414812554690837,1009,410
45.48025335873036,public,walk,female,12.757774917960647,27.1108834234519,9.497169797477886,10.669770150731969,560,4479
44.75925024177316,walk,public,female,14.409972653210946,17.7482393492988,7.998688240714527,10.797871977945618,5818,4698
45.49266294772896,car,walk,female,12.684842127592493,22.248595461287,10.141958362972504,9.230953901304565,625,6984
44.77501858995681,wheels,walk,female,13.008172444530846,32.86335345031,12.445315212459256,10.546132935522918,7986,714
45.56397647590435,walk,public,male,13.952863361047688,25.0998007960223,12.796947770891247,10.538650786563156,3354,1688
44.78331731956292,public,car,male,12.65246808624046,20.1246117974981,9.139997221371988,8.924079285362843,5523,3835
45.568483541223,car,public,female,13.076359626776016,22.5831795812724,8.755129621784409,10.7348061343108,21245,7843
44.79724131923433,car,walk,female,13.796729753562005,30.2489669245083,9.817181815142714,9.248440764710844,3903,341
45.574507500679736,walk,public,female,13.888214467801609,26.8328157299975,12.805790918579332,11.306902283617054,658,5921
44.81227868610805,public,walk,male,14.570088126480956,36.54572475306813,7.950814952193412,9.570984192241218,894,8354
45.57772043065221,car,walk,male,14.523843499103874,38.7298334620742,8.871305687452844,10.748277873555969,2327,2362
44.84136855760787,walk,public,male,12.638895687267498,30.0,11.896771779409235,10.701551265199235,1158,8469
45.58262740526808,public,wheels,female,13.044879960860856,32.4037034920393,11.540946908793552,10.782069688774152,3764,321
44.85006506474512,walk,walk,male,12.912066105106618,28.4604989415154,8.044599514526775,11.561710649157227,2722,1008
45.58796640861053,walk,walk,female,14.655512609857457,17.7482393492988,12.90615931837048,10.546032435763363,7696,8425
44.87338295404631,car,public,male,14.514629655424486,38.7298334620742,10.923630236440108,10.69549504208315,1057,456
45.59590425899185,car,public,male,13.949917455363998,25.0998007960223,12.9840959889616,12.6488876141131,480,10425
45.14380617471806,walk,public,male,12.400118361580455,33.7638860322683,13.255741343233378,10.46145283551726,1882,7282
45.60316026143002,walk,public,female,11.290455134431026,21.14358863938914,12.29793933124653,9.060923475608774,1067,485
45.173444746648194,walk,walk,male,12.626982313914311,25.6904651573303,11.011247263500598,12.84323204916726,483,1938
45.61189458080341,wheels,public,female,13.171886955062456,25.3968501984006,9.57120443715118,11.128721104391095,21218,5021
45.18831589687478,public,walk,male,14.513328665227071,38.7298334620742,9.676200840127803,12.833196965112984,7482,6199
45.6952571629866,public,walk,male,12.665221153245824,24.4948974278318,11.239202856901484,11.153279126996706,1550,746
45.20551184013149,walk,public,female,13.59907612387306,35.318325791526654,10.545641746721238,9.040013343776453,8080,603
45.82502858943294,public,walk,female,13.29206607602656,35.33307476813186,10.453381562623871,10.926282004160017,933,957
45.215536079503934,public,walk,male,12.514959932777783,28.7228132326901,9.179957059364256,11.872672962399209,5929,7508
45.85764266558275,car,walk,female,14.2532511978097,12.680583611641945,13.059579345395528,9.67613056542417,2342,5045
45.22402446048407,walk,walk,female,13.602566163813988,35.46511043067225,14.077485534666735,12.74425724254534,7772,2545
45.93108205726157,walk,public,female,13.072164919048015,13.139867185578115,11.471288350874378,8.717279352348445,8483,4567
45.23296235014398,car,public,female,13.386355560525343,35.470521381706874,8.465970446493404,10.92848368835132,4856,13637
46.0032090263284,public,public,female,14.446189413557596,20.1246117974981,9.428079104422604,9.675951106713418,2767,5906
45.24516026081244,car,car,male,14.445340554031915,31.4642654451045,9.677584264446851,12.632029311855163,2069,962
46.04081821137255,public,public,male,14.61733109025164,30.2489669245083,9.326053652694114,12.643759483863684,1250,3700
45.39009619799752,public,public,female,13.252998934159589,20.1246117974981,11.485350877082928,12.63550727510062,7385,4711
46.06015998371819,public,public,female,14.446499380130549,20.1246117974981,7.968810365598992,9.36741379300322,3004,751
45.458710880378526,walk,walk,male,14.451232722821304,31.4642654451045,11.209025124257831,10.466161967295436,3673,7579
46.09232251392459,walk,public,male,14.575527257435215,42.96479988489138,9.355637174442846,9.249760638885387,690,1960
45.48270359798951,car,public,female,14.447336018835603,25.0998007960223,11.868196499681124,9.422401937106844,650,1110
46.11135837607169,public,walk,male,14.624487766273536,30.2489669245083,12.103133107201042,10.683483858030188,5083,2943
45.57586707055883,car,walk,male,14.280436331939324,20.1246117974981,13.01563502828716,10.459381232041522,645,950
46.36637355295685,public,walk,male,14.36898519297931,35.9165699921359,9.318479215622451,10.588936175376666,6724,1499
45.59145116218515,car,walk,male,14.26658828111893,30.7408522978788,12.431419424503494,10.575709248028993,2102,2081
46.40335451935448,car,car,male,14.277692726690734,35.29347798757977,10.0597245566834,11.8197247483478,1805,2258
45.60880029186421,car,walk,male,14.2790513594485,25.0998007960223,12.275988473785306,10.457864543851285,483,1119
46.48388292396885,walk,wheels,male,14.268477226093742,31.224989991992,14.114018521282915,9.32251356798356,4590,481
45.618391739473,walk,walk,female,13.787649549315264,26.8328157299975,9.835578826281768,10.739128118590452,596,3763
46.64223089128647,car,walk,male,14.372146755051654,23.2379000772445,10.86227615250948,9.344923774685984,595,2088
45.725987248547256,public,walk,female,12.450099475260089,33.7638860322683,10.460606066453972,9.977631278571904,1573,8547
46.67705322443351,walk,walk,female,12.40417006187434,33.7638860322683,10.869652968491234,9.769314150965032,965,948
45.86044115140164,public,public,female,13.476030259971765,17.3205080756888,12.41879924449035,11.68432197092603,4402,6083
46.69764901142204,wheels,public,female,14.155788224310744,30.7408522978788,10.401131475277744,7.955906360707114,1495,359
45.92113471917131,walk,wheels,female,12.39808888693628,33.7638860322683,12.305096027373017,9.422539516002928,414,8490
46.7029245921507,walk,car,male,14.371261336512026,35.43302172520485,9.56469452693365,9.804792469092895,1452,3654
46.01401308751425,walk,walk,female,11.81982977153561,38.7298334620742,11.000439111694178,12.491389383565217,2073,3866
46.7371752500229,public,walk,male,14.4212370992201,24.1867732448956,10.65737480514751,9.085043663720274,1867,1331
46.024693551053694,public,wheels,female,12.596802838080857,33.5410196624968,13.766026540133474,8.962705243325257,177,20883
46.88469244276155,walk,public,male,14.555729357257956,20.4939015319192,12.132749398667611,12.821738971194195,592,9896
46.02896208641609,walk,walk,male,14.42036505022348,20.4939015319192,11.891715678313473,9.06600941414998,2073,795
46.899493661197326,walk,public,female,13.898483268560216,22.248595461287,13.338265688747674,13.403277840628066,8547,899
46.05845531899567,walk,walk,female,13.782166432496329,10.172551996254018,11.540358605995984,12.980758845825957,1092,8537
46.92813755657002,public,walk,female,11.829708656212164,33.3166624979154,11.406215032763138,11.893572246263192,627,1939
46.08407726955705,car,walk,female,12.59975092620842,33.5410196624968,12.721474763750535,12.535963402196373,9907,2337
46.994286036927264,public,public,female,12.298349446220804,33.5410196624968,10.455702303873933,12.84207178982168,625,3997
46.29293607274661,walk,public,female,11.145929495697091,23.18794505076757,12.90841457930088,11.14820450458555,2054,703
47.20924510657751,walk,wheels,female,13.532816079610646,17.3205080756888,10.984065401236096,13.066386640925494,3487,4700
46.3553788129662,walk,public,male,14.298294136397413,30.9838667696593,12.966151358015024,12.24674423742126,4395,401
47.26614328167806,public,public,male,12.59785659759303,20.4939015319192,12.430059929752996,12.833447153672983,13648,8531
46.37511821912146,public,walk,female,12.291051249652272,35.250972693089274,12.147020947964542,13.082232144519738,1809,819
47.28257380254101,car,walk,female,13.899563882104674,17.3205080756888,10.199546520558169,12.741431407487212,1504,6543
46.46481168583787,public,public,female,13.875522958652212,30.4959013639538,10.32001358364444,9.181334892080049,439,837
47.3122215632258,public,walk,female,14.40657046180892,15.00891332415034,11.144471033515137,13.00640721063107,1279,2260
46.4988457386067,car,public,female,14.092834170388056,30.7408522978788,10.862064751331472,12.822005902362177,5463,1008
47.33471319520695,car,public,female,13.07151645022337,31.224989991992,12.654682767456311,13.271727520889227,1670,1655
46.639430381881766,wheels,walk,female,12.305125991228085,35.30983600277478,14.358769889959092,11.905621387044816,813,2547
47.37031581879158,public,walk,female,13.892822803378856,35.31661846048106,12.73143146537709,13.384665047643791,715,842
46.65539217655682,public,public,male,13.04886368116283,36.015756692955016,10.303875678278269,12.110447314240108,6001,354
47.40201305563117,public,public,female,13.040885434413685,33.7638860322683,12.309338880747829,12.837506947269718,3626,487
46.66732357879168,public,public,male,14.639122228495436,30.4959013639538,10.7016546756604,12.184847509226506,561,5731
47.45604264374135,car,walk,male,14.373745498720302,25.3968501984006,9.123518230429395,13.380557639136551,1430,339
46.69716883663691,walk,public,female,13.887205175938464,30.4959013639538,10.677913145528496,13.373777126109136,449,905
47.47722285298616,public,walk,female,12.59485787451146,20.4939015319192,9.908814599736433,9.345627939700464,1292,1104
46.71493828642544,public,walk,female,13.788252071192224,31.224989991992,10.0552055842831,12.824452886022623,708,6283
47.48708171103954,walk,walk,female,12.259233058498342,22.248595461287,9.84548287718884,11.01926468151886,6314,1954
46.72445555844658,public,public,female,14.0814568698085,30.7408522978788,10.18334545894213,13.335344261144485,4046,8347
47.51732197635093,car,walk,female,14.624553984519784,20.1246117974981,10.452896990084042,12.152364786323876,2940,5461
46.7435472414139,public,public,female,14.6316035250413,27.3861278752583,9.724190965233328,9.346403615693433,4392,6679
47.585715236706775,walk,walk,female,11.861793516252362,31.224989991992,12.097534481031271,12.144830410542216,8182,8213
47.19729012494461,walk,walk,female,13.685413881675602,30.7408522978788,9.433116604511818,8.908433247609928,254,1588
47.655410950492495,walk,walk,female,11.86307823967201,30.7408522978788,10.800867552601654,12.244288056121787,10914,549
47.20650592382764,walk,public,female,14.2532511978097,30.7408522978788,12.736327089164918,13.050008044132564,929,628
47.66491118706325,walk,public,female,13.295286275531588,23.8746727726266,11.203970728314175,12.334209528632496,755,1091
47.22000059018987,walk,public,female,12.681879481982358,30.2489669245083,8.840669289327327,13.088995393260902,3763,1009
47.69850873523968,walk,wheels,female,13.68052302776303,22.5831795812724,12.37840712635626,12.359599551326268,5301,3761
47.22208826685891,car,public,female,13.678544712186708,30.7408522978788,13.247348746949264,12.120922505893985,240,6204
47.7063373094021,car,walk,female,14.2532511978097,30.7408522978788,12.213525353897367,12.357225428587228,1245,4820
47.45618223735563,car,public,female,13.069521348299356,28.9827534923789,9.027615275620944,11.199422168577764,786,547
47.71285736059582,car,walk,female,11.840438645461106,30.7408522978788,12.82048971800396,11.561064456868742,8492,454
47.505294486887976,walk,public,female,14.094724427250211,25.6904651573303,12.097026649513309,13.315423931082632,1557,6247
47.721596088588576,public,walk,female,12.756406465846329,22.5831795812724,9.129683488104266,8.91026135955238,5581,714
47.6602812927365,car,walk,female,14.418473499835024,24.1867732448956,10.169673065172024,13.22103587547418,4710,4925
47.73789362103471,public,public,female,14.372108007884949,15.252184107251416,10.290908347198297,11.651099547509778,8151,1539
47.66649997978643,public,public,female,14.100934586000992,30.2489669245083,11.491764318606943,11.855058985430745,5094,6298
47.74135478479263,car,public,female,11.850992196922329,30.9838667696593,12.45550538379613,12.546222446287135,2322,2090
47.678240186028965,walk,car,female,11.825087668582832,30.7408522978788,9.979322063446256,12.585319319465135,10878,1237
47.7434315032923,public,public,female,14.61824898867844,30.2489669245083,11.800874977298417,11.158799651006676,7781,1591
47.69711547394248,walk,public,female,12.770654753782578,26.2678510731274,10.6956016200737,12.35220009008651,1011,1881
47.800764340011135,walk,walk,female,13.179006463603104,33.5410196624968,10.048447562205288,11.170435464729064,22226,5924
47.752036686400736,walk,wheels,female,13.614802232837,23.8746727726266,11.413560658409324,12.733827313776082,243,2981
47.81689494674463,public,walk,female,14.627871928396596,25.6904651573303,11.583583244489708,13.031177786210224,1098,819
47.7834059093428,car,walk,female,11.791031364278044,30.9838667696593,12.252653590729397,12.721587544438025,381,6197
47.84650240187079,walk,car,female,13.682271879870669,26.2678510731274,11.651924414755555,12.094377885379616,3831,2325
47.79537522410436,public,public,female,11.792524616065966,30.9838667696593,10.532261009702728,12.722577118693916,1401,962
47.87927019730184,public,car,female,13.796203529504217,35.46158066585037,10.741642076760948,12.106762563129168,1024,1071
47.85689953643983,walk,walk,female,13.782656171230398,35.39510655850893,9.53674121005733,12.728747492723151,793,528
47.929940101062,walk,public,female,13.615567377568654,27.3861278752583,10.793370712512406,12.40748651429492,3827,482
47.87079645236852,walk,wheels,female,13.785308379202084,35.42225975274504,9.548634659324971,7.31535267346804,3277,5707
47.966875285104166,walk,public,female,13.07189982416776,39.1152144312159,10.924833296305511,11.893704980207676,758,761
47.9012698644386,public,walk,female,13.07575771416894,39.1152144312159,12.283991183104584,13.48701729877288,138,9695
48.29340879534929,car,walk,female,13.183983237461828,27.3861278752583,9.449048218653704,8.926025531175888,2549,21156
47.945481373051976,walk,walk,female,11.933712427706707,35.38763384284521,12.19815192193836,8.81163967420156,3775,550
48.30561829555922,public,walk,female,14.562877421294017,25.6904651573303,10.701687592517487,12.542311988490402,10245,5354
47.99458965417554,public,public,female,14.590996366804813,28.4604989415154,10.587967797107131,12.59502668565758,4261,1644
48.311778145782526,car,walk,female,12.661567644589743,22.248595461287,12.099334617497473,9.038399773375746,714,3475
48.154617477890106,public,walk,female,13.175770831565677,28.4604989415154,10.8667234293722,9.018003935338252,628,714
48.33075874408266,public,public,female,13.426757991223557,34.8568501158667,10.980318363562898,10.419776810496067,1511,1428
48.28759716967481,wheels,public,female,14.142554321569074,28.9827534923789,11.387493118209653,11.407934690842616,9984,7338
48.3960358454147,public,walk,female,11.929967800142109,37.08798616121818,7.459796457498146,9.43156072107984,647,537
48.329777478029385,public,walk,male,13.93142164648913,36.637231744967686,12.814010058846812,12.004770117464169,4469,592
48.40623908183572,wheels,walk,female,11.932244955631502,37.33964863828906,12.541977220484014,10.217466973585315,2025,450
48.42236462118259,car,car,female,11.928192349603265,37.07013235425988,10.923016030042955,11.382268078765614,6279,762
48.45551991897759,public,walk,female,13.333035348798994,28.4604989415154,8.95916031509023,12.23565536817508,2340,7250
48.48847308291868,car,walk,female,13.23981864738143,27.3861278752583,7.386641081959872,11.332074277686251,5462,3452
48.46187393267889,public,walk,female,11.93639601967973,35.3716425498364,9.129279836205455,10.572193280136144,3609,1401
48.52143215283276,car,car,female,13.178158973335362,27.3861278752583,8.517405554527658,9.434798134888297,845,4552
48.513836602707,public,public,female,12.595527384524352,22.5831795812724,11.14839688913866,11.28175192861564,3605,2991
48.53737829264591,public,walk,female,13.833839622741133,30.2489669245083,12.43539204830109,10.583057099957191,4302,1277
48.54134304066526,public,public,male,14.086984296388858,23.8746727726266,12.30704511773128,11.458750838772486,701,2087
48.55565892202255,car,public,female,12.364011083218209,27.1108834234519,10.533310791048253,11.49443120901831,484,1237
49.321865443787,wheels,wheels,female,14.590006844627,38.9230009120571,11.871135184243,11.871135184243,3746,3746
48.56757767162019,walk,walk,female,13.836474653378314,30.2489669245083,9.676565218240682,10.585186966502114,6316,714
48.5838940781388,car,public,female,12.59512912052178,22.5831795812724,10.144906659282542,10.570421259865643,1074,2550
48.57380530012009,public,public,female,13.825469637056557,30.2489669245083,8.713731694763325,10.06021333753569,8284,2335
48.58983272268285,walk,walk,female,11.936972559333078,32.86335345031,11.30504845646768,9.432114803213569,279,631
48.57607661901607,walk,public,female,12.59378703705233,24.1867732448956,12.055504426763562,10.57334771788778,484,1655
48.67281128134146,walk,walk,female,14.344193834043097,39.01840315368545,12.626617321352006,10.567977299251316,955,5338
48.6043865939927,walk,walk,female,14.711621062095078,33.132439457659785,9.97749399802153,10.581461745000476,243,487
48.1631304619531,wheels,wheels,female,11.8658453114305,28.7228132326901,9.4757334309664,9.4757334309664,712,712
48.605810677497,public,car,male,12.639810492051602,37.9473319220206,9.238959031692891,10.56419435545958,3773,5648
49.15888831247182,public,public,female,12.647590564352726,34.8568501158667,8.914755027660695,10.049312595352747,2357,2549
48.61322827930307,walk,walk,female,13.166339846252692,35.45830264982861,10.4104205004016,11.147600832991689,3465,717
49.16833712075314,public,walk,female,14.452465650915707,24.1867732448956,11.998161484127372,9.439835702592632,905,549
48.622225750349706,car,walk,female,12.67540509290782,34.8568501158667,11.956239516159648,10.589295741951624,1008,1683
49.18163986104312,walk,public,female,13.374865933212332,29.45365022197671,13.244839005276,12.317448025660545,1274,1428
49.09118207251042,walk,walk,female,12.643234751116044,34.8568501158667,11.188454970237167,9.36202238621742,708,405
49.18304914559835,public,public,female,12.634265199242195,34.8568501158667,12.410273077117145,12.483427058389331,6393,6104
49.16739144252293,walk,public,female,13.370075029135707,29.170008419554577,11.96867933474896,12.53691203882716,2551,7143
49.18542194308741,car,walk,female,12.30942230084293,24.1867732448956,12.20824853419601,11.838774076403215,5622,321
49.17547445929636,walk,public,female,12.837355811152078,35.47140374498318,10.588906946878527,10.309391956701957,903,21002
49.20388158522761,public,walk,female,12.843560513750866,35.31562469323529,12.819231005868312,11.859406122372151,529,592
49.21706238755444,walk,public,male,12.375460276204368,5.096617047545179,10.57328895942146,11.309454039971838,4631,5881
49.21605739711759,car,car,female,12.290539355201444,24.1867732448956,8.537848394208618,11.873721212989144,5508,1106
49.24946863375955,car,walk,female,12.674074979043596,34.8568501158667,9.244960999437366,12.345151514080506,7004,4456
49.23242944974911,car,public,female,12.835347821663618,35.33897895687621,9.720130553773537,11.82928735494043,524,7991
49.27253271067417,public,public,female,12.65895729185068,21.5638586528478,9.675910123956578,12.722271208971751,1475,7818
49.23964345067627,walk,public,female,12.676433842451162,21.5638586528478,12.9759822690223,11.828733152143252,1946,932
49.28723377182127,public,public,male,11.925132557794033,27.1108834234519,10.866167122226038,11.899987697412378,1109,5514
49.317754142210966,walk,public,female,11.929387165045776,34.8568501158667,10.925459250796996,9.431398053391389,404,2087
49.35294907555686,walk,public,male,11.929806620208629,39.1152144312159,10.805379401606697,12.533329889928211,805,287
49.387245324216224,public,public,female,12.28224478382414,22.9128784747792,11.328364794833265,12.725208430065347,281,1683
49.39864315732551,car,walk,female,13.216444350354736,34.2052627529741,12.625224039954931,11.826575717996844,1897,900
49.49257740633827,walk,walk,female,12.765795993935471,27.1108834234519,10.179337554652603,11.838734638149528,2070,930
49.487205004191935,public,public,male,11.97636343896924,28.9827534923789,9.338072658367643,11.8568001862385,3005,4019
49.64894810925037,car,public,female,11.837455652244996,35.44627997951179,10.929960114800249,11.014945081901518,2338,139
49.64159855251493,walk,walk,male,13.931765317022355,37.26814572205808,8.95356181938968,12.72799643382224,21545,2338
49.7135806970712,walk,public,male,13.620547649359988,31.224989991992,11.140025814107409,12.747799666847431,561,4451
49.6602872953033,walk,car,male,11.975981193479331,28.9827534923789,12.583029433077307,9.36166659779053,279,716
49.77638785887478,walk,walk,male,13.71826114110321,20.1246117974981,10.05025352609127,12.636702075900663,2544,6342
49.70926475250881,walk,public,female,12.25757669408285,24.7991935352745,9.428023022970574,9.436896981418338,2550,1973
49.8143686677754,walk,public,male,12.279288954360457,37.01577586930517,8.48475297203944,9.436308428107369,458,596
49.8347357522109,wheels,walk,female,12.28326417292908,24.7991935352745,9.436404507691504,7.960413745117766,649,3941
49.94144232886464,car,walk,male,12.876699062778204,22.248595461287,9.979360992939892,11.98207272779535,645,629
49.94148104226394,car,walk,female,12.75558697076826,22.9128784747792,12.602676346815112,12.351695462423208,1157,3905
49.98412302586953,walk,public,male,12.378078192167424,24.7991935352745,10.054839659716322,12.652066309284857,625,2317
49.950077398961646,car,public,female,13.54847246067268,35.334623461325045,9.552940064567704,11.313301910694037,1299,1267
49.98891481454105,walk,walk,female,12.40413682020312,24.7991935352745,12.124126804616932,11.31258252141026,2550,243
49.95778459638317,walk,walk,male,14.10417461781046,22.248595461287,11.901547092517603,10.310020758725509,922,483
50.127948954427445,wheels,public,female,13.044078980859952,35.3265995156626,9.310971910781882,11.961754026074312,1065,4479
49.97419263480446,public,public,female,12.260409722637297,25.0998007960223,10.863466753694054,9.430084660016297,1679,8364
50.13278089536689,public,public,male,11.861367776163352,32.86335345031,8.922661326054781,12.184347750565689,280,899
49.97992627318296,walk,walk,female,12.776536350265236,34.8568501158667,10.44907550488642,11.981822461459547,1785,252
50.14348324985096,public,walk,female,12.750885743438248,34.8568501158667,12.884639645650902,12.123172149623484,1164,540
49.99885456153029,public,walk,female,14.511074466788925,35.864039457910515,11.849640626851434,9.428298667037197,1056,241
50.15834735403162,walk,walk,female,13.536365315478758,28.4604989415154,9.87226627832091,9.230050271450532,358,4448
50.137007071892505,public,public,male,12.216255815206628,25.6904651573303,11.902229446746215,13.454605167415137,3818,652
50.163286443047625,public,car,male,13.931647215381249,37.45717806663331,11.405780236895469,9.56917009352942,5507,10452
50.15999925403881,walk,walk,female,14.747922819467489,35.32228609127288,11.961725949762693,11.02933181824605,1661,1519
50.40217206275502,public,walk,male,14.555634284902402,23.2379000772445,11.862817916943754,13.136622942928287,703,1167
50.38670333345814,walk,public,female,13.076878461451336,33.3166624979154,11.129417657397877,9.049090347856296,693,7281
50.40761890535846,public,walk,female,13.073162936982966,33.3166624979154,11.640793875578462,13.204422777333372,945,1664
50.40441103778876,walk,walk,male,14.27508852292102,45.67418912421345,10.291900634758838,9.003474555217956,2878,1831
50.43963049881297,walk,walk,male,13.9320530729316,37.5499667110372,10.13380203519927,10.349576935047654,2589,1324
50.41940253883536,car,walk,male,12.192061840753675,24.4948974278318,11.90595502387261,11.389247106569517,857,533
50.46981340116493,walk,walk,male,13.931332769095452,37.5499667110372,12.467224699685094,10.332321358228716,8235,2547
50.42125292139799,public,car,female,13.07457452247285,30.2489669245083,10.118049284150024,12.899742127270976,2045,5653
50.49963052060053,walk,public,male,12.266690127660128,25.6904651573303,9.539192020751846,12.10403319063425,2055,4734
50.434097757958114,public,public,male,11.971179049186484,27.3861278752583,9.046871192444804,9.563634759577583,1235,4554
50.50254130317888,walk,public,male,13.951924802283145,30.4959013639538,12.198138514777092,13.050490475649422,3292,1059
50.4578974038792,walk,public,male,13.675743337385295,23.8746727726266,11.232131043459932,10.350059088812037,441,601
50.59299686997954,public,walk,male,12.20816244786886,27.1108834234519,8.957013305262155,11.03600627761959,913,963
50.47340637853363,public,walk,male,11.856529060881476,27.1108834234519,12.546700046388755,9.02379989451849,8516,1183
50.61492897530509,public,walk,male,12.214522131293457,27.1108834234519,11.005799441085456,12.75734557183859,3298,762
50.50177984519856,walk,public,male,11.857950687683244,27.1108834234519,12.5891491873835,10.936453979506505,1269,3516
50.70039283239964,public,walk,female,13.672062515564534,32.4037034920393,11.025122700317564,10.336835371360577,1010,2069
50.51214948705103,walk,walk,female,12.18909392587804,42.20019720611467,10.061563835421095,11.341307606684536,400,818
50.76252579995232,walk,public,male,12.377770846148852,25.6904651573303,13.60210705553332,12.766457883176798,3207,280
50.51841595148648,public,public,male,11.973566266158528,27.3861278752583,13.08789650703216,12.171863468752912,1498,5528
50.7647314072508,walk,walk,male,11.974610754370058,27.3861278752583,11.892170035243014,11.29775234839992,284,4220
50.53575429344964,walk,public,male,13.80944541200166,22.9128784747792,10.204738457068409,11.343343605761788,2550,10447
50.81453538638289,walk,public,male,12.382528893147471,21.5638586528478,12.746633826807848,9.778570997282252,718,3827
50.568898188321526,car,public,female,12.836046419775082,42.07434106624796,12.630618597487617,14.367406915294216,2573,718
50.88325700948609,public,walk,female,12.380677664442633,42.39177085014298,12.577080703938424,12.806984363611498,1008,2286
50.619065568071306,public,walk,male,12.906551236940274,23.2379000772445,12.110456151496996,10.458093286640368,1343,10418
50.89870034325656,walk,public,female,12.378895171586462,22.5831795812724,12.305364060166912,10.861635457370683,1010,2271
50.63993054568308,walk,public,male,13.806113191647311,43.87300591566673,11.796089252695865,10.460919686801736,4479,4233
50.92445336628194,public,public,male,13.635676672596825,42.7992670817326,9.117021141172572,9.592923508233532,8338,2356
50.87223046480777,car,walk,male,13.676531624003546,20.4939015319192,11.314116470649092,12.739088518445667,6283,1975
51.01266508077224,walk,walk,female,14.2090107795806,36.60024211691841,10.58292463202759,9.7294984640041,690,597
50.94241052748469,walk,public,female,13.07059859168042,25.0998007960223,11.196538962567557,10.465271632553884,481,1242
51.02189174747775,public,walk,male,13.372849275563402,35.47019038518638,12.41494911878206,9.86891785725697,1094,264
50.96827195789773,public,walk,female,12.771560973648716,42.2399836649215,13.030428254040691,11.381923921354447,758,1688
51.0345193816877,walk,walk,female,14.368424479085986,31.224989991992,10.138516522898042,10.17894370867881,692,4465
51.00811587639646,public,public,male,12.314432285510224,24.7991935352745,12.213654590081022,10.201627582933677,13665,2927
51.04920514527686,wheels,wheels,female,14.372519841267836,31.224989991992,9.305583455099017,13.132581013934242,5111,861
51.03273165525385,public,walk,female,13.069306376379144,25.0998007960223,9.926133243545909,9.361838375001383,1430,1480
51.07639871263662,public,public,male,12.394021878265155,34.8568501158667,12.57691114707072,10.169397204507684,484,7158
51.03674571594164,public,walk,female,12.99041791664736,23.8746727726266,11.31291159564126,10.168879832373172,695,4701
51.11019289117371,car,walk,female,12.98899355897306,42.20939648086336,12.594119117244242,10.167812294968655,717,1980
51.05687605714209,wheels,car,female,13.073381568887918,25.0998007960223,9.032879529272684,9.249141440702171,670,2922
51.12433183955645,walk,walk,female,13.15747138736196,36.3318042491699,9.23605673666787,9.351080317558988,5569,541
51.06777147117774,car,walk,female,14.827485408885233,34.15343157429881,7.302336579198049,10.174885962902446,5830,20788
51.351679337527,public,wheels,female,14.657230036900938,35.21033735549462,10.20704664907921,11.025305250038407,1401,433
51.089927026963565,public,walk,male,13.069281201389648,34.8568501158667,11.484934247389386,10.23856892235552,3847,2560
51.41242960898174,walk,walk,male,12.87275104150816,42.98827858165995,11.976884253204034,10.585652561987418,2037,5038
51.10069218132374,walk,car,female,13.064473865664858,24.4948974278318,12.816402117902788,10.19571406721822,2964,689
51.42464772352518,car,car,female,14.45063342133534,26.2678510731274,9.978134410064376,13.416824734579974,6331,2341
51.39648074067277,public,public,male,13.676654018205728,30.2489669245083,8.472447217209963,9.307910872629346,5529,482
51.439028224711166,car,walk,male,13.063137157964572,32.4037034920393,12.26285086013958,9.151610699185548,1101,144
51.408875250159454,walk,wheels,male,14.280368937716275,43.97707987181402,11.540061239260089,10.671980168091569,1008,7139
51.45923098099428,public,public,male,12.77129429579273,42.76893112554556,8.805826449493429,12.4747406501971,793,1420
51.4171941370323,car,wheels,male,13.06466198501522,34.8568501158667,10.67447317984666,10.851761513909286,1914,538
51.49871250173722,walk,public,male,12.44787269406137,32.86335345031,10.673817513002346,9.536086727850147,1276,655
51.42534095182385,public,public,male,13.679868289329969,22.9128784747792,10.86095927592363,9.536524883314222,8105,661
51.653475466765045,car,walk,male,13.82187339500669,23.2379000772445,12.41102171535594,9.86608510745704,20607,700
51.43695591106261,public,walk,male,12.404494394189111,46.769482838953344,11.541334126658189,14.385216691058709,1162,1154
51.78245785503162,public,public,male,12.99607488026506,32.86335345031,9.29836037439984,10.240803277726116,21530,688
51.464145438231895,walk,public,male,12.175916927269768,22.9128784747792,10.69716796242639,9.872890170269498,4124,1405
51.79516844065297,public,car,male,13.630835216187636,22.9128784747792,7.991241436499705,12.424747797341062,2414,832
51.47081808095395,car,car,male,12.906420093434187,37.5499667110372,13.020377793993068,9.295590323697464,1261,4102
51.79889051301852,walk,public,male,11.955361020720254,32.86335345031,10.325315478507967,13.228182767098204,2578,1916
51.63561774790943,public,walk,male,14.325888501344958,17.7482393492988,10.45433639575094,12.962756223040374,5016,13695
51.80348202431719,public,public,male,12.666390939082188,24.7991935352745,13.297733522149253,9.011021189732276,1038,1517
51.65557544376605,car,walk,male,13.305718179529578,33.7638860322683,12.122335723570616,11.3127778890001,6351,792
51.95491862279324,walk,walk,female,14.573625787057791,36.97101682561076,8.711498717902122,9.424600056851414,523,715
51.67749279552596,walk,walk,male,11.961741746868716,34.2052627529741,8.916831483954748,12.643587906578652,10007,6101
52.20208605631864,walk,walk,male,11.965084290877822,28.4604989415154,9.285478336886976,11.314650645699034,13674,4682
51.6816504057821,walk,walk,male,11.79112515013759,39.1152144312159,9.676877792702458,12.967093980127611,5299,244
52.2184990500592,wheels,public,male,11.959435934930438,28.4604989415154,12.926830182685944,9.871229138506584,930,1668
51.68414616612459,public,public,male,11.959316387180722,34.2052627529741,12.147478360144737,12.838656862082855,1570,1423
52.64267769060918,walk,public,male,13.93120194927061,36.713545241998055,10.734155810686806,11.465477736960905,593,6669
51.79019112872265,public,public,male,13.936729253915551,36.66333061503084,9.431207445260348,9.11916961983463,3443,3935
52.69025916764026,public,walk,male,14.633825877777252,21.5638586528478,10.925005798014586,11.177427571030362,2320,412
51.79429569003887,public,walk,male,14.651147893854064,31.9374388453426,10.844656545300326,10.586049824759597,645,543
52.791127253609005,walk,walk,male,14.656083244272557,31.9374388453426,12.531388002746514,9.234997421478102,4476,1650
51.80070461039364,walk,car,male,14.651753015920722,27.3861278752583,11.00994526052242,11.153571927606434,2549,907
52.8091654067016,public,walk,male,12.180975770567098,25.0998007960223,9.983508662619174,11.460229611427124,690,5513
51.80708958135016,walk,public,male,11.849200880304847,37.5499667110372,10.056902325389288,9.22307530960528,2577,10432
52.825093196754246,public,car,male,14.64941333136629,27.3861278752583,9.816897667205396,12.301901243991212,1403,624
52.1913079739091,car,public,male,14.651056719713614,27.3861278752583,8.045666576178643,14.277674120023311,4454,484
52.84105144051867,wheels,car,male,13.933998857640384,37.12247865052535,12.442561062156743,12.630635607550452,2927,605
52.19920475818343,car,car,male,11.85049247584832,30.7408522978788,11.329937261856264,10.29742530981413,9471,4295
52.874715037146224,walk,walk,male,14.63712966546903,27.3861278752583,10.101348776395046,9.908033881664782,2546,5045
52.21817199026109,walk,walk,male,13.673751212212768,23.8746727726266,9.308549553978745,12.647325575171443,962,3631
53.012939168162326,car,walk,male,12.897722596728858,21.5638586528478,7.965747928966777,12.650162602023176,1567,4892
52.22548227558372,walk,walk,male,13.930180654441497,37.5499667110372,9.356319949441492,11.412041285057272,691,258
53.03032508996348,public,walk,male,12.919543511314142,22.5831795812724,12.45815261529332,13.414672066241623,4679,7947
52.24300252508114,walk,walk,male,13.935560431609856,37.5499667110372,10.331676266558194,11.169697109054557,1661,434
53.05656186483492,walk,walk,male,13.71625256018783,43.75900616909769,9.978891900129412,12.638543951705248,2546,1919
52.2466565537734,car,wheels,male,12.903802985518803,32.86335345031,12.19738738375362,10.339564226721995,1844,2294
53.0629918637602,walk,car,male,13.789985582838217,20.4939015319192,11.781298077165966,11.127795101387145,2903,818
52.27763908967347,car,walk,male,12.910724446207263,37.23568110557253,8.71626120403179,11.556108608510533,7677,484
53.0933112373047,walk,walk,male,13.902024793281218,34.2052627529741,9.35042183556405,8.965737235850833,1101,749
52.283670091795656,car,walk,male,13.55695556040274,43.85679785906744,12.437448457321151,8.962973890623033,1156,22267
53.103655458674815,car,wheels,male,12.976066653939949,42.32980978999675,13.10648885751968,11.901277075864286,631,1404
52.31235653939569,car,public,male,13.68049058456491,43.89989731023884,12.36396916090363,12.636966544443018,599,278
53.11912293599102,car,public,male,12.130451992532096,24.4948974278318,12.139772182354935,9.497693767324828,1400,5344
52.46591139137382,walk,car,male,13.70981158660194,42.97429009916005,13.00708361338437,12.641294597239549,5449,853
53.135623570338126,walk,public,male,12.127632026320892,24.4948974278318,11.53691353483209,8.54830675133851,2767,630
52.48047288823758,public,walk,male,12.875793662561293,23.2379000772445,9.922499153029609,12.841394766763427,716,5521
53.140011019280216,walk,public,male,12.9836810456104,42.2735039631742,12.585740382403904,9.976702992285126,742,1551
52.64676639763639,walk,public,male,12.211363920330063,48.48867926768997,12.964187179343424,8.694908355679747,5970,4721
53.16022637010804,public,public,male,12.84568391560484,34.2052627529741,11.725094787782869,9.706282709510292,3590,1884
52.67309224899597,wheels,walk,male,12.779657055977731,24.4948974278318,8.963740379893196,10.926626790337211,352,13683
53.192362070348416,walk,public,male,13.89404514627262,34.2052627529741,13.252753707970758,12.732632428360478,3671,1772
52.712528364798246,car,walk,male,13.786953997391556,23.2379000772445,9.982519103664508,9.091364021535348,4611,1491
53.19703730269768,public,walk,male,13.673099112791174,20.1246117974981,11.290138289261018,10.206969281088398,1401,2111
52.75982402536127,wheels,walk,male,12.312351908302698,34.2052627529741,13.257467339680668,8.731780723348294,544,1649
53.20308619870981,walk,walk,male,12.91064811858528,22.9128784747792,12.376881485797186,9.688133298875334,2782,2622
52.82248329796885,car,walk,male,13.935704134035689,37.5499667110372,12.503107623835112,8.932804175688739,8493,7941
53.21475586380588,public,walk,male,13.891789423621487,34.2052627529741,9.33374095319967,9.4637651747288,1795,4995
52.85461505628081,walk,walk,male,13.133654104165204,37.36440513872182,9.434171092076973,9.537162949890476,2589,3501
53.22293935566638,walk,public,male,13.725822136855436,20.1246117974981,9.461499160010511,9.699270047295755,1270,6377
52.87288696498116,public,walk,male,12.985493164799731,42.49459233053391,10.729167027936477,9.73848725191696,1009,1426
53.2460362594024,public,walk,male,12.930639149069403,32.86335345031,9.736129993756718,10.901718978313832,8542,1070
53.03496342195064,walk,walk,male,12.873367520349566,34.2052627529741,11.767761696680502,10.465189903788056,599,670
53.32769878028482,wheels,public,male,13.682714280099544,35.48538667235737,10.19120206258828,13.254833516882416,831,5051
53.07517431843227,walk,public,male,13.308742178310531,26.8328157299975,11.33057089138036,10.544127573965795,10432,1979
53.55050342404351,walk,walk,male,13.54505872415559,33.7638860322683,10.309906600740996,9.15190306475314,3922,1863
53.08017154136423,public,public,male,13.235827346856125,28.1957443597434,11.864254172038857,8.761606181206895,3321,2959
53.5782550334405,public,public,male,13.903790062914062,29.180557593374303,10.100878875488242,11.300137832428836,7596,8266
53.10462258556493,walk,public,female,14.933065174043248,35.748575746041595,13.285937512368674,9.537580819479476,905,548
53.779382056392656,public,public,male,12.85617624472074,46.93343237058551,9.929875691050226,11.552007177917805,743,1924
53.1411622762628,public,walk,male,13.935495859252477,30.0,11.855887269165256,12.014866646732836,242,2596
53.99909794482897,public,public,female,14.049238995496292,38.46947088038343,9.67663055515459,13.150330533191635,2958,3955
53.16612842695716,walk,car,male,13.900003389098805,30.2489669245083,9.019071298630992,10.853108115110222,6359,1402
54.16609933283235,wheels,walk,male,12.200349453000433,24.4948974278318,9.59542700821172,12.999588353913932,2392,244
53.16724468899216,walk,public,male,14.276315057952404,45.683932292159376,9.84885436787586,12.915014871953645,3852,1639
54.17316750431248,wheels,public,male,12.277700768302394,36.52472319084753,12.725952261515191,13.238240296953046,6780,1107
53.237076042881526,public,public,male,14.619967512424363,26.8328157299975,10.45411682654066,13.331492079850737,592,7482
54.23462830297766,public,public,male,14.495693814386716,37.9473319220206,14.239180500038875,12.41668851964108,4292,2545
53.25398137305798,car,car,male,12.13637947794949,49.320848048661006,13.658330082731576,8.517804158453806,4414,13654
54.41559239482015,walk,walk,male,12.887275521325655,23.2379000772445,12.978329786338806,8.794146498554747,1682,2890
53.276100414914936,car,public,male,14.618116009979031,27.3861278752583,14.374157543845282,9.44231365649012,718,2575
54.41959309161107,car,walk,male,14.435377708719418,42.75159643650705,9.112810429372606,8.603139074743027,1091,1340
53.32268041939481,car,public,male,14.200043714738865,34.2052627529741,11.545124830661456,9.308151277948808,8459,1115
54.420510799127065,walk,wheels,male,14.620210631235857,30.2489669245083,12.254794830884356,9.903230941871024,1789,9394
53.35094019437596,public,walk,male,13.905274131287197,29.035623050665222,9.982527004866064,9.45863229266499,13672,254
54.42161901685196,car,car,male,12.291574906722628,32.86335345031,12.721556093916927,9.977587083565783,6985,400
53.51979076327451,car,walk,male,14.166664630305451,39.1152144312159,9.49816272859688,11.055951792771854,21909,4448
54.42172556362798,public,public,male,14.621870544546404,30.2489669245083,10.665772276026932,9.97905283855006,3744,1008
53.52106750166685,walk,car,male,12.11931825915093,37.9473319220206,9.012538295843814,12.825922468759964,1316,2104
54.42195271204399,car,walk,male,12.097491854387476,37.9473319220206,13.002813436253009,12.8260700658025,1566,818
53.55294607200551,car,walk,male,11.969571431567475,37.440277597590864,13.220521038581897,12.098408968145236,1253,405
54.42308145247767,walk,car,male,14.159219828963714,39.1152144312159,9.310045748320585,9.13112855549266,1678,1264
53.58559555729981,car,public,male,14.620672590208768,27.3861278752583,12.902075742564662,10.047371031469943,1690,10430
54.42357279233015,public,walk,male,11.783237331626756,34.2052627529741,12.298810664295818,11.680487011365065,5527,655
53.6121445257053,walk,public,male,12.122179582569109,25.3968501984006,9.482454783933038,12.54170817793537,3602,845
54.42463205732658,walk,walk,male,14.474897773452572,37.24203008158759,11.020241707791952,7.388415360212277,4892,3985
53.89047740216533,walk,public,male,14.498720684829337,37.30586264693248,12.959611092519484,13.065109697024983,705,1097
54.427307153320825,walk,walk,male,12.284195415654786,44.777840274840656,11.894230376769464,7.9726865906879345,529,3443
53.9232987755334,car,walk,male,11.971512149094588,37.42538938115509,9.677324462918168,13.099104407344,6348,629
54.42852258337905,public,public,male,14.372318025163874,34.2052627529741,11.142459334547116,10.3047720263425,695,452
53.96316924157944,walk,car,male,12.999616071652785,46.58129664452739,11.331430451027796,8.691826533858517,799,4930
54.429432949865394,car,public,male,14.369125337636897,25.3968501984006,12.737855863336604,7.966118707369814,1664,2545
54.09062251962903,walk,walk,male,14.374367733053596,33.7638860322683,12.99825286913623,10.925530439594306,6288,1013
54.43108991594097,walk,public,male,14.368991516030276,25.3968501984006,11.335912038480584,9.6775818798418,21017,2340
54.14604383260577,walk,car,male,13.545273312726328,30.2489669245083,13.2432623541563,10.68606578649918,2579,7187
54.48002757663574,walk,public,female,14.84581578752363,38.03028096541177,12.754216777292072,13.085250282078148,709,3725
54.1794743425012,public,public,male,13.610019121823749,32.4037034920393,8.152722371968112,9.978883299646371,893,5512
54.69068287183062,car,walk,male,13.243255905678716,35.44574876916769,11.540480844553434,7.954766349635953,271,5296
54.2155525934135,walk,public,male,12.200572569426155,49.57130979677631,13.010250464170856,8.530015045200798,7938,2575
54.70260372077597,walk,car,male,14.09273420008457,18.5741756210067,9.984233655044248,8.964577375720658,5346,1669
54.40849388020345,car,walk,male,11.935579173497064,37.07305344981853,12.748438333921394,11.189125689530748,831,6290
54.71553032728188,public,wheels,male,13.90107646610524,37.30304865874635,8.208198435293777,12.348179853989445,742,1071
54.41245904661143,car,walk,male,13.952701136727018,30.2489669245083,9.292971868910744,13.149780728511727,5441,786
54.71651566539336,car,walk,male,14.0854343238715,37.5499667110372,11.955865767560628,8.723657333882178,2546,6754
54.4204579758976,car,walk,male,13.952421954498169,30.2489669245083,12.524054633510028,9.87502028451795,7314,13650
54.71756977539588,wheels,car,male,12.6564677045835,25.6904651573303,12.210239598898514,12.11835085564558,5824,21876
54.4221906238559,car,walk,male,11.930920939724317,37.40255138432234,12.106492347387428,8.689499999754421,6111,690
54.72053542357555,walk,wheels,male,13.900218144822874,37.08118207183861,11.313816842623948,11.298531827343536,7709,784
54.42322781621654,walk,walk,male,13.95303295178567,28.4604989415154,12.538620878909676,9.726458959059354,6385,5264
54.72224658584493,public,car,male,14.092999068773764,36.5928834833412,10.565507665777712,12.42853748053544,4461,2723
54.42367045586009,walk,public,male,12.37684999971349,46.61217300268519,9.914486280457664,12.33747147206428,6313,440
54.7322327903472,car,public,male,12.661908330774104,33.3166624979154,12.10583455911382,9.977491849114486,5582,9929
54.42569707912164,public,walk,female,14.944456309668771,33.872720898215285,9.695111777318054,12.35799504748399,946,4560
54.74010385198592,walk,walk,male,12.80389897873716,39.1152144312159,12.355982521653878,13.172992255664555,2566,1943
54.43390245781939,walk,walk,male,14.104022870390976,46.13302343131877,8.704798487502705,10.724958700847596,9469,2729
54.74237398806954,public,walk,male,13.708206876335316,31.4642654451045,12.357513018147788,11.898084126344232,4978,447
54.68870416738839,public,walk,male,13.951874626767154,30.2489669245083,11.478164649713204,11.290439183991571,155,4275
54.74585447048481,wheels,public,male,12.194421398642609,46.742631283329445,10.796453092226647,12.115622343001636,4116,854
54.69679063793107,walk,public,male,13.685982249705042,37.112163746830674,9.590180022250872,9.979771839260072,5786,461
54.759947790832,car,walk,male,12.125052909647636,42.934898636108194,10.450406480278795,13.015246943380577,240,2776
54.70309940808691,walk,public,male,12.60154252839114,27.3861278752583,9.860236764353534,11.714696737616778,1442,261
54.76745759976128,car,public,male,13.169702826356303,43.97785123171585,11.984216021058009,10.695853561462476,4309,22497
54.70342088094492,public,walk,male,14.231908886827544,42.0746093744559,10.307721252985775,9.92052284656828,1690,1404
54.77759052181998,public,public,male,12.179696763780388,37.48690439105794,9.106039140678472,11.3065264812399,5522,6351
54.71749834077524,car,walk,male,14.23103092318767,42.06206083394965,11.022533840289562,9.887530785670693,4916,7378
54.80152169308749,wheels,walk,male,12.184099989303707,48.58012348155688,12.792228644255454,12.109449458947292,5035,958
54.7199567743955,public,car,male,13.93552833122989,37.5499667110372,10.579625562153446,9.890233454599402,487,4551
54.93004950411068,car,public,male,14.620783153876244,18.5741756210067,12.43606163757494,12.122616002494302,245,1825
54.723671236171526,walk,car,male,14.473174601820608,34.2052627529741,9.46172914434472,11.553529695664352,1683,4868
54.930736850514165,car,public,male,12.594391483210428,26.8328157299975,12.429742163418274,14.333848223687696,2548,1484
54.73513428916502,walk,wheels,male,12.802276786821253,24.4948974278318,8.521856329348742,9.78654394074122,555,968
54.93171235323213,public,walk,male,14.278787953547656,44.41199964204169,11.855064533997783,9.979102223859975,1303,1504
54.74788816376273,car,walk,male,13.03288950427924,28.7228132326901,8.93341740511774,11.312419935152574,1008,1859
54.93253103390528,walk,public,male,13.682593895883857,20.4939015319192,9.54871250740585,12.471045280621889,2243,5898
54.76561741038976,public,car,male,14.28063602789906,42.853300961374,8.5655145682631,13.305375259704512,1423,939
54.933014390826,car,walk,male,13.682634830814328,20.4939015319192,9.677245412092905,12.13548935827867,5833,1060
54.77770985997006,public,public,male,12.75100923344989,27.1108834234519,11.219807632713763,12.427443675540326,13658,631
54.93404499831096,car,car,male,13.419175950658415,42.78646126412024,12.252296398825203,12.16386952734756,1011,592
54.78351799304242,car,walk,male,13.681482266391384,43.81913879834573,10.122474721394388,12.431088608055784,442,6768
54.935664041925065,public,walk,male,12.901275949477723,43.95694180620045,9.099595201216584,12.146219120203638,3576,2689
54.7954307385863,walk,walk,male,14.47676811684524,34.2052627529741,12.769598370133847,7.948947797492939,20520,4296
54.937479035575016,public,wheels,male,12.596028789487828,26.8328157299975,13.02120770882807,12.43211894157179,1556,902
54.804235981373566,public,walk,male,14.619663077533476,26.8328157299975,13.05514314023238,12.129868500714828,481,435
55.00091381465183,walk,walk,male,14.17914747013882,39.1152144312159,8.510102732709557,12.116889230209596,1332,605
54.930776738704,walk,public,male,13.67584624256058,30.2489669245083,12.09862291955094,9.927213214080666,10913,5535
55.00137848789369,public,car,male,12.601425236735324,24.4948974278318,8.480819465663197,13.115851874380663,930,403
54.933119536705874,walk,walk,male,12.753727043070375,46.11334814080844,10.399685934379326,10.539456438220077,7256,1179
55.0032042225448,car,walk,male,13.677608275150078,23.2379000772445,10.66447494348724,9.913021986579512,8157,1112
54.934610875287774,car,walk,male,14.61819765347627,26.8328157299975,13.696806652385211,13.10823492938361,2775,5802
55.01271803082072,car,walk,male,12.394590364389597,46.45206623118138,8.438309100211507,12.112627023556586,923,1594
54.93544591347349,public,walk,male,12.844359958406947,46.94375222909928,11.024302724179776,14.460248471091791,2759,3771
55.01936406072437,walk,walk,male,13.930892426263206,30.2489669245083,10.867433014343112,11.337004255150129,481,1291
54.937293394481166,walk,walk,male,14.617934018088556,26.8328157299975,11.705085036521549,12.109633766280432,666,767
55.02400300120474,walk,public,male,13.683849608006522,28.4604989415154,11.43092274601859,11.98356118600632,1407,1012
55.03951451480072,car,walk,male,12.600826728664488,43.78869772757211,9.67592523849122,9.97971551513793,849,6011
55.02659346834107,walk,car,male,14.62278505675338,30.2489669245083,9.83188997915532,8.802240230968195,1887,1174
55.04177626196164,walk,car,male,12.59716168939118,24.4948974278318,12.352596690381455,7.994805348758901,1490,6200
55.037436094796725,wheels,walk,male,13.886257308949332,31.7017349682947,7.985660715979749,12.458224935200844,363,267
55.04572897652604,public,public,male,14.099155080370824,34.8568501158667,10.701809966412576,11.33859718361767,457,785
55.03951906410273,car,walk,male,13.936144702842464,37.5499667110372,8.705404724179033,12.288982597695528,805,1162
55.04971290249742,wheels,walk,male,13.630460697613024,26.8328157299975,13.248406358268944,11.334521988843475,654,8501
55.05322287990389,walk,walk,male,14.622734899919193,26.8328157299975,13.849074646143098,10.174436830543652,4324,819
55.32325246609139,public,public,male,14.617219800764913,26.8328157299975,8.917382921434278,8.966388126903295,2847,1113
55.05518977661096,walk,public,male,14.622150476562153,30.2489669245083,10.048252990176252,8.744038858573406,2067,431
55.33066470162955,public,public,male,13.616331980479591,23.2379000772445,12.628460333623655,10.46545690121244,4511,5693
55.06231239754005,car,public,male,13.93459613529862,23.2379000772445,9.358140306125255,10.466570545737255,367,4473
55.33553624599084,public,car,female,14.17412591909158,35.00762967376949,9.426910216263778,11.33735461110178,2854,1897
55.313970314480585,car,walk,male,14.37339284376151,25.6904651573303,8.690329609879075,10.878417630311684,5459,10434
55.4430965864467,walk,walk,male,13.708140107428322,31.4642654451045,9.056651252168155,10.414941653183012,5936,461
55.32116698047216,public,walk,male,14.637047076784237,17.7482393492988,11.14602073388664,10.245201419862338,705,556
55.47637708234084,walk,walk,male,14.633121366665971,17.7482393492988,8.394699523034765,7.989412341006968,3000,1068
55.32658542227948,wheels,walk,male,13.901071020203336,37.1561057272033,8.825586137927617,10.213986876229145,2736,839
55.480667687688445,car,walk,male,14.367813631223996,25.3968501984006,11.780438872206272,10.42122565887126,1181,2574
55.32801132278172,walk,walk,male,13.15145844219908,36.744335804352616,12.818124138593731,9.978531374529217,4410,1159
55.5546224601384,walk,walk,male,14.28018636240764,35.40755631765983,10.585030996709094,10.460498741460851,1690,1514
55.35345596221467,car,public,male,14.368929803500665,25.3968501984006,9.3628379612478,10.468179196294097,2099,21828
55.63301193753308,walk,walk,male,14.632552876625462,17.7482393492988,11.313011398208218,9.298138281672768,1242,2923
55.36331328397869,walk,walk,male,13.160578357518377,31.9374388453426,10.121019579119524,9.326602381159825,2052,6640
55.64066000382965,public,walk,male,14.622099961550171,31.7017349682947,10.757618638198467,9.342432464161492,5812,2964
55.4389979617465,public,public,male,14.374274543610516,24.4948974278318,9.305642059552762,11.693497372732594,1400,8227
55.67869292054196,wheels,walk,male,12.180285853702324,25.6904651573303,9.832763855806844,11.55991944305092,21340,1922
55.446553215293264,public,walk,male,14.2875253266424,33.7638860322683,11.299069368504208,14.455798213568777,811,6749
55.6842363273874,public,public,male,14.37298399003467,24.4948974278318,11.154279330362384,7.955998848119347,785,5461
55.46131760096218,public,walk,male,12.869085345939665,23.2379000772445,11.433555695106293,11.338077846271991,5001,1432
55.74080911471915,public,walk,male,14.290998144769963,33.7638860322683,11.257692735792032,11.81893337925296,8542,335
55.463382047491336,walk,walk,male,12.50498811851852,33.7638860322683,11.90572947237074,9.747851990252888,2564,13678
55.75232183499767,car,walk,male,12.597443965432928,34.8568501158667,10.871369818445238,10.748340628024708,176,624
55.46883145501947,car,public,male,14.37078252228893,24.4948974278318,10.738093826570166,12.4506373055302,8520,358
55.75648083195489,walk,car,male,14.371487281656972,24.4948974278318,11.313518299377858,7.9811548567043955,1298,2093
55.47519116311294,public,car,male,12.2905103257031,48.08362968226013,10.93470514694432,11.397364960850274,1689,332
55.75864478572044,public,car,male,14.29031520126039,33.7638860322683,10.34156597853323,10.9271119987072,549,2329
55.48033886134993,public,public,male,12.109235817223606,48.19810126503021,7.997479894374284,10.057773679267124,932,644
55.76127778137945,walk,walk,male,14.622317323460786,31.7017349682947,12.942914665736131,13.199300380333083,1299,250
55.49100887358277,walk,wheels,male,14.374856341001772,24.4948974278318,8.186138486764202,10.376409462232871,363,13657
55.76396120634965,walk,walk,male,12.527752385684758,33.7638860322683,9.133665067159232,10.380840817644897,157,6644
55.49847333477429,walk,walk,male,12.502331400259608,33.7638860322683,10.31287604107326,11.694028712557472,1883,759
55.76429632628759,car,public,male,14.33311844398719,34.2052627529741,10.586950618314066,11.138243811024047,808,1660
55.57170171819255,walk,car,male,14.23199563226542,42.87250092460013,9.247664384677693,10.348389173585367,1847,5457
55.93116733931901,car,walk,male,12.83685275115543,27.1108834234519,11.866714425823837,11.903998157617847,7048,7871
55.63412608605719,walk,walk,male,14.544845802840568,31.4642654451045,10.303441081967971,11.72639029698518,10352,1686
55.95067413275584,car,public,male,14.10100278139931,39.1152144312159,9.450429775022016,9.56783197358422,1495,1786
55.66658902926036,car,walk,male,14.209783494863212,32.4037034920393,13.30584583498442,9.306457333058184,480,2336
55.964865473472045,walk,walk,male,14.562118307867054,31.4642654451045,9.350733382436747,10.053059003451535,831,628
55.71008984999408,public,walk,male,14.216833119379682,32.4037034920393,9.426000255969754,10.462390500167048,481,7135
55.96722717776039,walk,walk,male,14.208657480123584,32.4037034920393,10.046882387775762,11.204074787159977,4119,6661
55.72030884510782,car,public,male,14.098712596817784,39.1152144312159,12.12115042179199,10.590587518197935,13659,261
56.01417204182941,walk,walk,male,12.270866990315318,37.115521995511926,11.41895840430927,12.951349532876222,1819,5512
55.7379027813315,car,walk,male,14.560375878832216,31.4642654451045,9.614655404681264,11.0463743498834,921,5520
56.05105912265808,walk,walk,male,12.861587842632652,46.75660439396261,9.248689048593093,10.923767486432238,1507,5048
55.75486705715579,public,walk,male,12.2701475793636,37.17047834048462,11.58408549943029,10.538507745104845,2064,22045
56.06978891606531,wheels,walk,male,14.182631473390146,43.83566944405537,10.854787044592594,9.677025172078856,458,4785
55.765374370818144,car,public,male,14.210620214290126,37.5499667110372,13.270460342102975,9.44801305114578,10276,7559
56.0828320294923,walk,wheels,male,12.972417748059126,46.39165714675143,9.97900987515747,11.544521534689718,1662,2951
55.857149558498726,walk,walk,male,14.273350573214149,42.11284979750283,9.590912237080673,12.95830445613433,1949,819
56.09814621808972,car,walk,male,14.559432697941174,30.4959013639538,12.21126719254537,12.42400904617389,456,3634
55.928811661233794,public,walk,male,14.323057261093794,42.79280595223475,12.78001142297872,9.171504382564343,1664,1009
56.10624306460048,car,car,male,14.324274247575556,42.75471242170857,10.539239031721834,12.9562919216772,1096,6473
55.95125384142021,walk,walk,male,12.129463040512777,44.6398364329036,9.586084985733889,12.431743377500826,5628,747
56.1245234917056,walk,public,male,12.856840207530476,46.38702766555018,8.919128502737975,9.457928399502537,5040,2944
55.99387471744903,car,public,male,14.551968369332153,30.4959013639538,8.5746554191589,11.437839114144042,5853,270
56.27590735210772,public,walk,male,13.23477461017621,27.1108834234519,11.314042171990309,12.78324605465484,1510,2591
56.08024776155116,car,walk,male,13.242361711224216,27.3861278752583,8.702371535004902,12.970646678576143,702,698
56.28702288234879,car,walk,male,13.39090336843499,30.2489669245083,14.096059693015745,12.843003026380524,870,718
56.30623753978189,public,walk,male,14.125636075966112,36.52170110210183,10.454612696126755,11.480761662096588,1992,3477
56.29740317258838,public,walk,male,13.15978457221142,37.4572221325077,9.617356197269304,12.942157652337183,1408,5293
56.3126638931748,walk,public,male,13.283546067937236,33.7638860322683,9.553738538872908,9.574233794202431,417,2547
56.30789929671162,car,walk,male,13.201050555957762,36.714399376218594,11.022996194283577,9.676492481415792,21281,484
56.32379778087671,car,wheels,male,14.28030659616434,35.29529653391281,10.531896930405418,11.497016143988166,4120,2590
56.3233897535083,car,car,male,13.159318266493434,30.2489669245083,13.357394333814003,11.313297136949725,1115,2550
56.335142877593526,walk,walk,male,14.10815125738704,32.86335345031,7.941876061344752,9.291520701920367,947,1010
56.33272181577095,walk,public,male,13.1648771244842,37.34461465664681,12.19832161964651,11.28683994934294,553,2978
56.340854100077735,wheels,car,male,14.626471147951555,33.7638860322683,10.700714988597618,9.111861737080403,4391,6492
56.37210216586345,car,public,male,14.62652404380817,33.7638860322683,9.17010174620762,10.568313215692251,798,799
56.36081934168988,wheels,walk,male,14.62941185298214,32.86335345031,12.20144335663156,11.417432021515737,5276,1838
56.5141470160029,public,walk,male,13.18369628826298,25.0998007960223,12.656018249497548,12.801929654929213,2408,1290
56.37254049686218,walk,walk,male,14.630126109884362,30.2489669245083,9.733274284029967,10.935602397523636,1521,962
56.554797284559584,car,public,male,14.635041616380526,33.7638860322683,9.921091838715087,9.078443340268398,442,2246
56.55818543849441,walk,public,male,14.374862798628772,37.9473319220206,12.105448122270149,10.564746652950593,1849,4477
56.58998152083325,public,public,male,13.163663175110557,27.3861278752583,9.863866310211431,11.181635076333704,594,20757
56.56308258684221,walk,walk,male,13.246843566371515,28.1957443597434,11.261132597199977,10.57393538907739,8306,1835
56.60541004218579,walk,public,male,14.134636050999356,33.7638860322683,9.433996945917327,9.244143045341632,690,1066
56.59611011057435,car,walk,male,13.167923370679192,27.3861278752583,10.286618280917123,10.93732708123665,5604,8408
56.62819787085781,public,walk,male,13.175125827873456,26.8328157299975,10.736829709829092,9.873408734288818,8516,1853
56.67144464570746,wheels,walk,male,14.083383648277858,33.7638860322683,12.643425954351088,12.419628222790069,6310,1171
56.68594819288909,walk,walk,male,14.56831809212382,30.0,9.573963585665824,12.41973356689564,742,534
56.93143794082073,walk,public,male,13.705339045432712,30.2489669245083,12.25817910179369,12.413659333918355,5998,856
56.8871222966518,walk,walk,male,14.575403549640738,30.0,9.247317415606773,12.481902115802916,2550,1401
56.97950381581499,public,public,male,14.432428159514114,36.67841293101196,11.23316267618232,9.22994082993396,628,644
56.92920723740839,walk,public,male,14.575633374130206,30.0,14.15524163569798,10.9059442077108,2548,3486
56.99842314499982,public,walk,male,14.371686077718184,30.2489669245083,9.92365343066402,11.334537154543344,4329,1165
56.948751315434,public,walk,male,13.131093696357436,43.32517986179107,10.540309208411836,9.853189712345404,1665,763
57.03683164989577,car,public,male,13.364609386790944,43.8175022273175,10.724721244611793,9.899166548917504,833,1951
57.26963910523475,walk,public,male,13.30517047558815,42.78347409172908,10.8468380448348,9.882159182262209,980,671
58.62284410182652,car,walk,male,13.254937889453736,43.69061880328172,12.207145099771,10.922590132085752,1933,1118
57.55206196118065,public,public,male,12.755006170547132,13.07755704963634,9.675941987433578,9.000372908157532,753,928
59.18372033043114,car,walk,male,12.5515912161456,3.028222283413335,11.330350663788282,11.625713176621415,4965,1291
57.72820770752595,public,car,male,13.41037647993547,14.923518079926724,10.53316952759898,10.564021502807671,6307,1491
45.6691827438265,wheels,wheels,female,11.9288158795346,28.9827534923789,10.1636496760158,10.1636496760158,1147,1147
48.56276863889267,walk,public,female,13.068864880209624,26.2678510731274,8.453557730201412,10.577652997049029,2972,1474
48.93653222447325,public,walk,female,14.117523086491362,36.0111471571097,12.449513276182278,9.322630739592183,11139,694
